{"name":"Sea Ice Concentration Downloader v1.0.0","tagline":"","body":"##What it does\r\nThis is a QGIS Plugin which allows easy download of sea ice concentration data from [NSIDC](http://nsidc.org/data/seaice_index/) (National Snow and Ice Data Centre). \r\n\r\nIt downloads daily sea ice concentration grids within a defined time range together with an optional averaged composite of all downloaded data. The data is saved in GeoTiff format, and projected to Antarctic Polar Stereographic (EPSG: 3031). \r\n\r\nThe Plugin is currently working, but has not been subject to wide use. Therefore, there may be problems with it. \r\n\r\n\r\n##The data\r\nThe data is sourced from [NSIDC](http://nsidc.org/data/nsidc-0051). For full details on the input data, please refer to the [official documentation.](http://nsidc.org/data/docs/daac/nsidc0051_gsfc_seaice.gd.html) \r\n\r\nThe valid date range is from 1978/10/26 to 2013/12/31.\r\n\r\n##Installation\r\n\r\nThe plugin requires QGIS version 2.0 or higher. It can be installed via the Plugin Manager. \r\n\r\n1. Navigate to `Plugins > Manage and Install Plugins...`\r\n2. Click `Settings`\r\n3. Add the following repository:\r\n\r\n    `http://plugins.remotesensing.io/plugins.xml`\r\n\r\n4. Click on `New` to see all newly available plugins. \r\n5. Install the plugin, name Sea Ice Concentration Downloader.\r\n\r\n##Using the plugin\r\n1. ![Toolbar button](images/icon_button.png)  Locate this icon on the toolbar and click it to open the plugin.\r\n![Plugin interface](/images/interface.png)\r\n\r\n2. Select a **date range** and **download path**. Select whether you want to create an averaged **composite** and whether you wish to add the composite to the map canvas. \r\n\r\n3. Click **Download**\r\n\r\nWARNING: There are no warnings for large downloads. It is likely to fail if attempting to make a composite from a large date range.\r\n\r\n![Sea ice concentration](images/sea_ice_map.png) \r\n","google":"","note":"Don't delete this file! It's used internally to help with page regeneration."}